file,function,search,min,mean,max
kroa,random_cycle,MSLS,351.642484664917,357.37077083587644,362.15896797180176
krob,random_cycle,MSLS,349.90268063545227,358.9753932952881,369.16749119758606
